ThreadCount,InsertThroughput_ops_s,ReadThroughput_ops_s,RandomReadThroughput_ops_s
1,78203.2,19384.7,19481.8
2,160048,38863.6,39073.6
4,318783,77003.3,77282
8,624696,160942,161591
16,1.12047e+06,309180,309705
32,1.45577e+06,420365,418873
64,1.26214e+06,529437,529013
