ThreadCount,InsertThroughput_ops_s,ReadThroughput_ops_s,RandomReadThroughput_ops_s
1,73806.9,18353.1,18534.7
2,148937,37746.6,38073.2
4,304129,76189.5,76697
8,596424,157522,158588
16,1.09002e+06,306088,307326
32,1.45133e+06,420680,420172
64,1.27237e+06,533279,532838
